{
  "model_version": "3.0_optimized",
  "feature_columns": [
    "leverage_w",
    "roe_w",
    "roa_w",
    "cash_to_assets_w",
    "asset_turnover_w",
    "interest_coverage_w",
    "ebitda_margin_w",
    "working_capital_ratio_w",
    "missing_roe_flag",
    "cfroa_w",
    "ar_turnover_w",
    "fin_debt_ratio_w",
    "tangible_asset_ratio_w",
    "debt_maturity_ratio_w",
    "log_assets"
  ],
  "preprocessing_details": {
    "leverage_p1": 0.0,
    "leverage_p99": 98.29846787308426,
    "roe_p1": -456.69199999999995,
    "roe_p99": 293.1064000000002,
    "roa_p1": -21.54,
    "roa_p99": 30.95,
    "cta_p1": 0.0,
    "cta_p99": 49.944060098772155,
    "at_p1": 0.0,
    "at_p99": 3.7290230006840765,
    "ic_p1": -436.3518065268065,
    "ic_p99": 6925.794589800463,
    "em_p1": -1053.0805185525703,
    "em_p99": 92.69290851440579,
    "wcr_p1": -81.58378616892398,
    "wcr_p99": 96.93684557075859,
    "cfroa_p1": -19.451888042942212,
    "cfroa_p99": 27.91698589191093,
    "art_p1": 0.0,
    "art_p99": 87.1298870061793,
    "fdr_p1": 0.0,
    "fdr_p99": 91.97510851120971,
    "tang_p1": 0.0,
    "tang_p99": 98.8231696835615,
    "dm_p1": 0.0,
    "dm_p99": 100.0,
    "la_p1": 14.234270470540782,
    "la_p99": 18.452603492759273
  },
  "target_column": "default_12m",
  "avail_column": "avail_date",
  "avail_cutoff": "2012-05-01",
  "training_records": 835737,
  "calibration_metrics": {
    "method": "isotonic",
    "brier_score_raw": 0.011653845703205967,
    "brier_score_calibrated": 0.011620590601152909,
    "brier_improvement": 3.325510205305811e-05
  }
}